st,ttr,rid
1753719656.2167003 ,0.43108201026916504 ,1
1753719664.3953989 ,0.3572859764099121 ,2
1753719671.2268584 ,0.3706173896789551 ,3
1753719677.5580196 ,0.3903028964996338 ,4
